,Description,ID,Latitude,Longitude,Station_Entrance,StationCode1,StationCode2,census_block,census_blockgroup,census_tract,census_index
0,Building entrance from east mezzanine to Grand Hyatt Hotel entrance.,1,38.898365000000005,-77.02668299999999,EAST BUILDING ENTRANCE (HYATT) TO RED LINES,A01,C01,1012,1,005800,0058001
1,Building Entrance from the southeast corner of 11th St NW and G St NW.,2,38.898073,-77.02678900000001,EAST ENTRANCE (11TH & G STs) TO RED LINES,A01,C01,1031,1,005800,0058001
2,Building Entrance from the southeast corner of 13th St NW and G St NW.,4,38.898026,-77.029379,WEST ENTRANCE (13TH & G STs) TO RED LINES,A01,C01,1019,1,005800,0058001
3,Elevator entrance from Connecticut Ave NW,5,38.903021,-77.039314,ELEVATOR ENTRANCE (CONNECTICUT AVE NW),A02,,1020,1,010700,0107001
4,Building entrance from the northeast corner of L St  NW and Connecticut Ave NW. (Escalator Only),6,38.903925,-77.039787,NORTH ENTRANCE (EAST OF CONNECTICUT & L ST),A02,,1021,1,010700,0107001
5,Building entrance from the southwest corner of  L St  NW and Connecticut Ave NW. (Escalator Only),8,38.903525,-77.040186,WEST ENTRANCE (WEST OF CONNECTICUT & L ST),A02,,1019,1,010700,0107001
6,"Street level elevator at north side of the station is accessible from Connecticut Ave NW, 20th NW and Q St NW.",9,38.910792,-77.04455300000001,NORTH ELEVATOR ENTRANCE (Q ST & CONNECTICUT AVE),A03,,1007,1,005500,0055001
7,North side station entrance is located at the southeast corner of  20th NW and Q St NW and accessible from Connecticut Ave NW.,10,38.911001,-77.04474599999999,NORTH ENTRANCE (Q & 20th & CONNECTICUT),A03,,1007,1,005500,0055001
8,Canopied entrance from 19th St NW and is also accessible from Connecticut Ave NW.,11,38.908648,-77.043322,SOUTH ENTRANCE (19th ST & CONNECTICUT AVE),A03,,2004,2,010700,0107002
9,Street level elevator from the southwest corner of Woodley Rd NW and Connecticut Ave NW.,12,38.925435,-77.052876,NORTH ELEVATOR ENTRANCE (SOUTHWEST CORNER OF WOODLEY RD & CONNECTICUT AVE),A04,,2000,2,000501,0005012
10,Station entrance from southwest corner of Connecticut Ave NW and 24th St NW.,13,38.924461,-77.05236,"SOUTH MAIN ENTRANCE (24TH ST EXIT, SOUTHWEST CORNER OF CONNECTICUT AVE & 24TH ST)",A04,,2003,2,000501,0005012
11,Elevator entrance from northeast corner  of Connecticut Ave NW and Ordway St NW.,14,38.935771,-77.058431,"ELEVATOR ENTRANCE (EAST SIDE CONNECTICUT AVE NW, NORTH OF ORDWAY ST NW)",A05,,2007,2,001302,0013022
12,"Canopied escalator and stairway entrance on east side of Connecticut Ave NW, between Ordway St NW and Porter St NW.",15,38.935916,-77.05851,"EAST ENTRANCE (EAST SIDE CONNECTICUT AVE NW, NORTH OF ORDWAY ST NW)",A05,,2007,2,001302,0013022
13,Street level elevator at southwest corner of Connecticut Ave NW and Veazey Terrace NW.,17,38.943969,-77.063576,WEST ELEVATOR ENTRANCE (SOUTHWEST  OF CONNECTICUT AVE & VEAZEY TERR),A06,,4000,4,001200,0012004
14,Station entrance from the northeast corner of Connecticut Ave NW and Veazey Terrace NW.,18,38.944623,-77.063569,"EAST ENTRANCE (BUS EXIT, NORTHEAST CORNER OF CONNECTICUT AVE & VEAZEY TERR)",A06,,1001,1,001302,0013021
15,Street level elevator at the northeast corner of Albemarle St NW and Wisconsin Ave NW (next to Sears and Whole Foods).,20,38.948099,-77.07927,"EAST ELEVATOR ENTRANCE (NEXT TO EAST ENTRANCE, NORTHEAST OF WISCONSIN AVE & ALBEMARLE ST)",A07,,4022,4,001100,0011004
16,Station entrance from the northeast corner of Albemarle St NW and Wisconsin Ave NW.,21,38.948078,-77.079358,EAST ENTRANCE (NORTHEAST OF WISCONSIN AVE & ALBEMARLE ST),A07,,4022,4,001100,0011004
17,Building entrance from west side of Wisconsin Ave segment between River Rd NW and Albemarle St NW( Next to Best Buy).,22,38.948309,-77.080166,WEST ENTRANCE (NORTHWEST OF WISCONSIN AVE & ALBEMARLE ST),A07,,2023,2,001001,0010012
18,Station entrance from Chevy Chase Pavilion.,23,38.960736,-77.085403,EAST ENTRANCE (WISCONSIN AVE & WESTERN AVE SE),A08,,2012,2,001100,0011002
19,Station entrance from Wisconsin Place parking garage.,24,38.960777,-77.086223,NORTHWEST BUILDING ENTRANCE (NW SIDE OF WISCONSIN & WESTERN AVEs),A08,,2015,2,705602,7056022
20,Elevator entrance to station from east side of Wisconsin Ave NW.,25,38.960219,-77.085197,EAST ELEVATOR ENTRANCE (EAST SIDE OF WISCONSIN AVE NW),A08,,2011,2,001100,0011002
21,Elevator entrance to station from southwest corner of Jenifer St  NW and Wisconsin Ave NW.,26,38.958508,-77.085009,SOUTH ELEVATOR ENTRANCE (SW SIDE OF WISCONSIN & JENNIFER ST),A08,,1003,1,001001,0010011
22,Station entrance from the northeast corner of Western Ave and Wisconsin Ave (Entrance escalator accessible from bus terminal) .,27,38.961271,-77.085628,NORTHEAST ENTRANCE (NE SIDE OF WISCONSIN & WESTERN AVEs),A08,,1005,1,705602,7056021
23,Canopied entrance from the northwest corner of Western Ave and Wisconsin Ave NW.,28,38.960955,-77.086051,NORTHWEST ENTRANCE (NW SIDE OF WISCONSIN & WESTERN AVEs),A08,,2015,2,705602,7056022
24,Station entrance from Mazza Gallerie.,29,38.960433,-77.085895,WEST ENTRANCE (WISCONSIN AVE & WESTERN AVE SW,A08,,1000,1,001001,0010011
25,Building entrance to tunnel to station located at southeast corner of Wisconsin Ave and East-West Hwy.,30,38.98454,-77.094002,EAST ENTRANCE (WISCONSIN AVE & EAST-WEST HWY),A09,,1003,1,704804,7048041
26,Elevator entrance from northwest corner of Wisconsin Ave and Montgomery Ln.,31,38.9836,-77.094155,SOUTH ELEVATOR ENTRANCE (WISCONSIN AVE & MONTGOMERY LN),A09,,1004,1,704804,7048041
27,Entrance from bus bay (intermediate level),32,38.984424,-77.094612,BUSBAY ENTRANCE (SE EDGEMOOR LN),A09,,1004,1,704804,7048041
28,Escalator entrance from southwest corner of Wisconsin Ave and Old Georgetown Rd.,33,38.984618,-77.094599,NORTH ENTRANCE (WISCONSIN AVE & OLD GEORGETOWN RD),A09,,1004,1,704804,7048041
29,Street level elevator is accessible by the sidewalks from Bethesda Trolley Trial and from bus bay area.,34,38.999041,-77.09711899999999,"ELEVATOR ENTRANCE (EAST OF MAIN ENTRANCE, SW CORNER OF ROCKVILLE PIKE & SOUTH DR)",A10,,4032,4,705000,7050004
30,Canopied entrance from the south side of bus bay area located southwest corner of Bethesda Trolley Trial and South Dr.,35,38.999064000000004,-77.097875,MAIN ENTRANCE (SW CORNER OF ROCKVILLE PIKE & SOUTH DR),A10,,4032,4,705000,7050004
31,Passageway from east of Grosvenor Pl  goes under Rockville pike to the escalator to the station.,36,39.028702,-77.10431700000001,WEST TUNNEL ENTRANCE (TUNNEL UNDER ROCKVILLE PIKE FROM GROSVENOR PL),A11,,1000,1,701215,7012151
32,Station entrance accessible by the sidewalks from Rockville Pike northbound.,38,39.028859000000004,-77.10381,"WEST ENTRANCE (ROCKVILLE PIKE EXIT, SIDEWALK FROM  N BOUND ROCKVILLE PIKE)",A11,,1004,1,701214,7012141
33,Station entrance from the northeast corner of Rockville Pike and Marinelli Rd.,39,39.047492,-77.112572,EAST ENTRANCE ( NE OF MARINELLI RD AND ROCKVILLE PIKE),A12,,3001,3,701216,7012163
34,"Passageway from east side of the station is accessible by bus bay, kiss&ride and parking lot located east of Parklawn Dr and Twinbrook Pkwy.",40,39.062326,-77.120416,"EAST ENTRANCE (EAST SIDE ROCKVILLE PIKE, NORTHWEST OF PARKLAWN DR & WICOMICO AVE)",A13,,1017,1,701219,7012191
35,"West side entrance from bus bay, kiss&ride and parking lot located northeast corner of Chapman Ave and Bouic Ave.",41,39.062126,-77.1207,"WEST ENTRANCE (WEST SIDE ROCKVILLE PIKE, NORTHEAST OF CHAPMAN AVE & BOUIC AVE)",A13,,1009,1,700904,7009041
36,Passageway to station east side is accessible from park&ride and bus bay located at the southwest corner of S.Stonestreet Ave/Park Rd and from the sidewalks from Park Road.,42,39.084676,-77.146276,"EAST ENTRANCE (EAST SIDE EXIT, SOUTHWEST CORNER OF S STONESTREET AVE & PARK RD)",A14,,2024,2,700902,7009022
37,"Station west side entrance is accessible from bus bay, metered parking located southeast of Park Rd/ Rockville Pike and from the pedestrian bridge originates from the opposite building.",43,39.084471,-77.146574,"WEST ENTRANCE (ROCKVILLE PIKE EXIT, SOUTHEAST OF PARK RD & ROCKVILLE PIKE)",A14,,2000,2,700901,7009012
38,Street level elevator to station is located next to west side escalator and is accessible from bus bay and parking lot.,44,39.120076,-77.16500400000001,WEST ELEVATOR ENTRANCE (ADJACENT TO WEST ENTRANCE),A15,,2024,2,700704,7007042
39,West side station entrance from bus bay and parking lot is located east of Somerville Dr.,45,39.119939,-77.16501,WEST ENTRANCE (EAST OF SUMMERVILLE DR),A15,,2024,2,700704,7007042
40,Passageway from east side of the station accessible from bus bay and parking garage located northwest corner of Crabbs Branch Way and Redland Rd.,46,39.120422999999995,-77.164433,EAST ENTRANCE (NORTHWEST CORNER OF CRABBS BRANCH WAY & REDLAND RD),A15,,2017,2,700711,7007112
41,"Station entrance from Verizon center, located at the northeast corner of F St NW and 7th St NW.",47,38.897574,-77.021681,EAST ENTRANCE (NORTHEAST OF 7TH & F STs) TO RED LINE,B01,F01,2006,2,005800,0058002
42,Station entrance located at the southeast corner of 9th St NW and G St NW.,48,38.898047999999996,-77.023763,WEST ENTRANCE (SOUTHEAST OF 9TH & G STs) TO RED LINE,B01,F01,1016,1,005800,0058001
43,Street level elevator to station platform( to Shady Grove) is located between F St NW and E St NW.,49,38.896824,-77.017453,"NORTHEAST ELEVATOR ENTRANCE (NE CORNER, METRO JUDICIARY SQUARE BETWEEN F & E STs)",B02,,1026,1,005900,0059001
44,Street level elevator to station platform( to Glenmont)  is located between F St NW and E St NW.,50,38.896652,-77.017649,NORTHWEST ELEVATOR ENTRANCE (SW CORNER METRO JUDICIARY SQUARE BETWEEN F & E STs),B02,,1026,1,005900,0059001
45,Station entrance from F St NW located across from national building museum.,51,38.897178000000004,-77.01755899999999,"NORTH ENTRANCE (F ST EXIT, NATIONAL BUILDING MUSEUM)",B02,,1026,1,005900,0059001
46,Station entrance from 4th St NW segment between F St NW and E St NW.,52,38.895222,-77.016,SOUTH ENTRANCE (4TH & D STs),B02,,1028,1,005900,0059001
47,"Escalator entrance from the passageway to  AMTRAK, MARC, VRE TRAINS",53,38.898540999999994,-77.006984,"ENTRANCE FROM AMTRAK, MARC, VRE TRAINS",B03,,2034,2,010600,0106002
48,Station entrance from 1st St NE to southeast corner of the Union station building.,54,38.897383000000005,-77.007262,"SOUTH ENTRANCE (MASS AVE EXIT, NORTHEAST CORNER OF 1ST ST & MASSACHUSETTS AVE)",B03,,2034,2,010600,0106002
49,Station entrance from northeast corner of Massachusetts Ave NE and 1st NE.,55,38.89845,-77.007243,"NORTH ENTRANCE (1ST ST EXIT, WEST SIDE OF 1ST ST BETWEEN G ST AND MASSACHUSETTS AVE)",B03,,2034,2,010600,0106002
50,Elevator entrance from northwest corner of bus bay and from Bunker Hill Rd NE.,57,38.933748,-76.994426,ELEVATOR ENTRANCE (9TH ST NE & BUNKER HILL RD NE),B05,,2004,2,009301,0093012
51,Escalator and stairway entrance from bus bay at 9th St NE between Bunker Hill Rd NE and Monroe St NE.,58,38.933504,-76.994341,EAST ENTRANCE (9TH ST NE & MONROE ST NE),B05,,2004,2,009301,0093012
52,"Canopied escalator and stairway entrance by walkway from John F. McCormick Rd NE, west of Michigan Ave NE.",59,38.93383,-76.995024,WEST ENTRANCE (JOHN F MCCORMACK RD NE & MICHIGAN AVE NE),B05,,3012,3,009501,0095013
53,"Facility entrance from the Galloway St NE segment goes under the track, and also accessible from kiss&ride and bus bay area.",60,38.952078,-77.002275,MAIN ENTRANCE (GALLOWAY ST & FIRST PL),B06,E06,1012,1,009508,0095081
54,Elevator to station is located inside the tunnel and  is accessible from  parking lot and  bus bay.,61,38.975839,-77.017831,ELEVATOR ENTRANCE (NORTHWEST OF CEDAR ST & CARROL AVE),B07,,2000,2,001702,0017022
55,Station entrance from north of Colesville Road and west of 2nd Ave to station northeast side.,63,38.994243,-77.031654,NORTHEAST ENTRANCE (NORTHEAST CORNER OF COLESVILLE RD & E-WEST HWY),B08,,2004,2,702500,7025002
56,Station entrance from north of Colesville Road and east of East-West Hwy to station northwest side.,64,38.994093,-77.03185400000001,NORTHWEST ENTRANCE (NORTHEAST CORNER OF COLESVILLE RD & E-WEST HWY),B08,,2004,2,702500,7025002
57,Walkway from Wayne Ave and Colesville Rd to south side of the station.,65,38.993832,-77.031116,SOUTHEAST ENTRANCE (SOUTHWEST OF WAYNE AVE & COLESVILLE RD),B08,,4003,4,702500,7025004
58,Station entrance from south of Colesville Road and east of East-West Hwy to station southwest side.,66,38.993739,-77.031348,SOUTHWEST ENTRANCE (SOUTHEAST CORNER OF COLESVILLE RD & E-WEST HWY),B08,,4003,4,702500,7025004
59,Stairway entrance into main entrance passageway from southeast corner of Coleridge Dr/Forest Glen Rd.,67,39.015326,-77.04364699999999,STAIRWAY ENTRANCE (FROM SE CORNER OF COLERIDGE DR/FOREST GLEN RD),B09,,4030,4,704000,7040004
60,Passageway to station from the bus bay area located southwest corner of Georgia Ave and Reedie Dr and is also reachable by the pedestrian bridge over Veirs Mill Rd.,69,39.038319,-77.051086,WEST ENTRANCE (NORTHWEST OF VEIRS RD & GEORGIA AVE),B10,,1026,1,703800,7038001
61,Station entrance from the building located at the southeast corner of Georgia Ave and Reedie Dr.,70,39.038671,-77.050275,"EAST ENTRANCE (EAST SIDE GEORGIA, SOUTHEAST CORNER OF GEORGIA AVE & REEDIE DR)",B10,,1028,1,703800,7038001
62,"Street level elevator from east of Georgia Ave, and is accessible from Glenallan Ave to the metered parking space and parking garage.",71,39.062246,-77.053358,EAST ELEVATOR ENTRANCE (EAST SIDE OF GEORGIA AVE FROM LAYHILL RD),B11,,1009,1,703206,7032061
63,Street level elevator from west from Georgia Ave next to metered parking area.,72,39.061956,-77.05360999999999,WEST ELEVATOR ENTRANCE (WEST SIDE OF GEORGIA AVE FROM GLENALLAN AVE),B11,,3000,3,703403,7034033
64,Station entrance from west of Georgia Ave and is accessible from Georgia Ave sidewalks and  from Urbana Dr and Flack St walkway to the station.,74,39.061783,-77.053599,WEST ENTRANCE (WEST SIDE OF GEORGIA AVE FROM GLENALLAN AVE),B11,,3000,3,703403,7034033
65,Station entrance is located at the northwest corner of M St NE and 2nd St NE ( M St Exit).,76,38.905774,-77.003629,"SOUTH ENTRANCE (M ST EXIT, WEST M & 2ND STs)",B35,,2004,2,010600,0106002
66,Escalator to station from northeast corner of 12th St NW and G St NW.,78,38.898498,-77.02790300000001,NORTH ENTRANCE (12TH & G STs) TO ORANGE/BLUE LINES,C01,A01,1011,1,005800,0058001
67,Escalator to station from the building located at the southeast corner of 12th St NW and F St NW.,79,38.897147,-77.02856700000001,SOUTH ENTRANCE (12TH & F STs) TO ORANGE/BLUE LINES,C01,A01,1034,1,005800,0058001
68,Building entrance from north mezzanine to Macy's entrance.,80,38.898984999999996,-77.028228,NORTH BUILDING ENTRANCE (MACY'S) TO ORANGE/BLUE LINES,C01,A01,1010,1,005800,0058001
69,Building entrance to elevator towards the station is located at the southwest corner of I St NW and 14th St NW.,81,38.901098,-77.032303,EAST ELEVATOR ENTRANCE (14TH & I STs),C02,,1018,1,010100,0101001
70,Building entrance from east mezzanine to 1400 Eye St NW office building entrance.,82,38.901142,-77.032318,EAST BUILDING ENTRANCE (1400 EYE ST NW),C02,,1018,1,010100,0101001
71,Building entrance from the southwest corner of 14th St NW and I St NW  to the station escalator.,83,38.900915000000005,-77.03222199999999,EAST ENTRANCE (14TH & I STs),C02,,1018,1,010100,0101001
72,Entrance elevator is located at the northwest corner of 18th St NW and I St NW.,85,38.901502,-77.041888,WEST ELEVATOR ENTRANCE (WEST OF 17th & I STs),C03,,1017,1,010700,0107001
73,Building entrance from the southeast corner of 17th St NW and I St NW(Escalator only).,86,38.901169,-77.039164,EAST ENTRANCE (EAST OF 17th & I STs),C03,,1025,1,010700,0107001
74,"Station entrance escalator is located in the building courtyard, at the northwest corner of 18 St NW and I St NW.",87,38.901621999999996,-77.041965,WEST ENTRANCE (WEST OF 17th & I STs),C03,,1017,1,010700,0107001
75,Station entrance escalator is located in the building (International Square) food court,88,38.90149,-77.04205400000001,WEST ENTRANCE 2(BUIDLING INTERIOR),C03,,1017,1,010700,0107001
76,Station entrance from the northwest corner of 23rd St NW and I St NW (south end of George Washington University Hospital building).,90,38.900866,-77.050371,MAIN ENTRANCE (23RD & I STs),C04,,4006,4,005600,0056004
77,"Street level high-speed elevator entrance, accessible from N. Lynn St and N.Moore St sidewalks.",91,38.895987,-77.071402,EAST ELEVATOR STREET ENTRANCE (BETWEEN N MOORE ST & N LYNN ST),C05,,3007,3,101603,1016033
78,Building entrance from N. Fort Myer Dr segment between N. Nash St and Wilson Blvd is accessible by N. Fort Myer Dr sidewalks.,93,38.895807,-77.07210500000001,"WEST ENTRANCE (FT. MAYER DR EXIT, BUILDING ENTRANCE FROM N FT. MAYER DR BETWEEN N NASH ST AND WILSON BLVD)",C05,,3006,3,101603,1016033
79,Elevator entrance from Memorial Dr (between Jefferson Davis Hwy and rail tracks).,95,38.884719,-77.063338,WEST ELEVATOR ENTRANCE (MEMORIAL DR & JEFFERSON HWY),C06,,1015,1,980100,9801001
80,Escalator entrance from the west side of Memorial Dr where it crosses over Jefferson Davis Hwy.,96,38.884510999999996,-77.063761,NORTH ENTRANCE (NORTH OF MEMORIAL DR & JEFFERSON HWY),C06,,1015,1,980100,9801001
81,Escalator entrance from the east side of Memorial Dr where it crosses over Jefferson Davis Hwy.,97,38.884168,-77.063556,SOUTH ENTRANCE (SOUTH OF MEMORIAL DR & JEFFERSON HWY),C06,,1019,1,980100,9801001
82,Steet level elevator to station is accessible from bus bay area sidewalks.,98,38.869591,-77.053838,ELEVATOR ENTRANCE (NE OF S EADS ST),C07,,1107,1,980100,9801001
83,Station entrance at the north side of bus bay accessible from the bus bay area sidewalks.,99,38.869772999999995,-77.05351999999999,EAST ENTRANCE (NE OF S EADS ST),C07,,1107,1,980100,9801001
84,Station entrance at the south side of bus bay accessible from the bus bay area sidewalks.,100,38.869037,-77.054509,"SOUTH ENTRANCE (SW OF S EADS ST, NE OF N ROTARY RD)",C07,,1107,1,980100,9801001
85,Street level elevator located at the southeast corner of Hayes St and 12th St next to escalator.,101,38.862809999999996,-77.058954,EAST ELEVATOR ENTRANCE (SE CORNER OF 12th & HAYES STs),C08,,1003,1,103502,1035021
86,Canopied entrance in front of Pentagon Center(Borders Store) building located southeast corner of Hayes St and 12th St.,102,38.862548,-77.059105,"EAST ENTRANCE (E SIDE HAYES EXIT, SE CORNER OF 12th & HAYES STs)",C08,,1003,1,103502,1035021
87,"Canopied entrance between S.Hayes St and service road to the stores(Nordstrom, Macy's).",103,38.862615000000005,-77.05990899999999,"WEST ENTRANCE (W SIDE HAYES EXIT, BETWEEN SERVICE RD & HAYES STs)",C08,,1002,1,103502,1035021
88,Entrance elevator located at the right side of 18th St South segment between S. Bell St and Crystal Dr.,104,38.857962,-77.050786,WEST ELEVATOR ENTRANCE (WEST OF 18th & CRYSTAL DR),C09,,1008,1,103402,1034021
89,Canopied entrance is accessible from the sidewalks from 18th St South.,105,38.858038,-77.051472,MAIN ENTRANCE (CLARK & 18th STs),C09,,1008,1,103402,1034021
90,Entrance from north side intermediate passageway to mezzanine,106,38.858059000000004,-77.051158,CRYSTAL CITY SHOP ENTRANCE  (NORTH ),C09,,1008,1,103402,1034021
91,Street level elevator to station platform,108,38.853463,-77.044086,ELEVATOR ENTRANCE FROM STREET BELOW THE TRACKS,C10,,1013,1,980200,9802001
92,Pedestrian bridge to station south entrance is accessible from parking garage-B and airport terminal-B,110,38.852340000000005,-77.043571,SOUTH ENTRANCE (SOUTH EXIT TO TERMINAL B AND PARKING GARAGE B),C10,,1013,1,980200,9802001
93,Mezzanine entrance from the bus bay and kiss&ride area off N West St.,111,38.813735,-77.053876,MAIN ENTRANCE (N WEST ST & MADISON ST),C12,,2005,2,201600,2016002
94,"Station entrance located just below the platform and tracks, accessible by the sidewalks from King St(Route.7) and east end of bus bay.",113,38.806767,-77.060715,"MIDDLE ENTRANCE (WALKWAY FROM NORTHEAST BUS BAY, CAMERON & KING STs )",C13,,2008,2,201900,2019002
95,Station entrance located under the platform and tracks accessible from the northeast corner of Cameron St and Commonwealth Ave intersection.,114,38.807295,-77.05980799999999,NORTH ENTRANCE (WALKWAY FROM  CAMERON ST & COMMONWEALTH AVE),C13,,1011,1,201600,2016001
96,Station entrance from bus bay and east side of the station to access the elevator/escalator inside the station.,115,38.800477,-77.070881,"EAST ENTRANCE (EAST OF PLATFORM, EISENHOWER AVE & SWAMP FOX RD)",C14,,1016,1,200702,2007021
97,Facility entrance from busbay and west side of the station to access the elevator/escalator inside the station.,116,38.800565999999996,-77.071001,"WEST ENTRANCE (WEST OF PLATFORM, EISENHOWER AVE & SWAMP FOX RD)",C14,,1016,1,200702,2007021
98,"Escalator to station mezzanine is located and accessible from  metered parking, bus bay and parking garage (south end) sidewalks",117,38.792475,-77.07591,SOUTH ENTRANCE (N KINGS HWY EXIT),C15,,2000,2,420503,4205032
99,Street level elevator located at 12th St NW segment between Pennsylvania Ave NW and Constitution Ave NW.,119,38.893772999999996,-77.028318,ELEVATOR ENTRANCE (WEST SIDE 12TH BETWEEN PENNSYLVANIA &  CONNECTICUT),D01,,1025,1,006202,0062021
100,Building entrance from 12th St  NW segment between Pennsylvania Ave NW and Constitution Ave NW.,120,38.893827,-77.028988,MAIN ENTRANCE (WEST SIDE 12TH BETWEEN PENNSYLVANIA &  CONNECTICUT),D01,,1025,1,006202,0062021
101,Street level elevator located at the northwest corner of  Independence Ave SW and 12th St SW.,121,38.887739,-77.028544,SOUTH ELEVATOR ENTRANCE (NORTHWEST CORNER OF 12TH ST & INDEPENDENCE AVE),D02,,1153,1,006202,0062021
102,Station entrance adjacent to Department of Agriculture building located southwest corner of 12th St SW and Independence Ave SW.,123,38.887364,-77.028604,SOUTH ENTRANCE (SOUTHWEST CORNER OF 12TH ST & INDEPENDENCE AVE),D02,,2004,2,010200,0102002
103,Building entrance(USDOT) from D St SW segment  between 6th St SW and 7th St SW.,124,38.884483,-77.020865,EAST ENTRANCE (7TH & D STs) TO ORANGE/BLUE LINES,D03,F03,1009,1,010200,0102001
104,Building entrance(L'Enfant Plaza) from D St SW segment between 9th St SW and 7th St SW.,125,38.884449,-77.023542,WEST ENTRANCE (9TH AND D STs) TO ORANGE/BLUE LINES,D03,F03,2019,2,010200,0102002
105,Building entrance located in the D St SW segment between 3rd St SW and 4th St SW.,126,38.884904,-77.01602,"BUILDING ELEVATOR ENTRANCE (BUILDING EXIT, D ST BETWEEN 3RD & 4TH STs)",D04,,2007,2,010500,0105002
106,Station entrance is at the southeast corner of 3rd St SW and D St SW.,127,38.884875,-77.015372,MAIN ENTRANCE (SOUTHWEST OF D & 3RD STs),D04,,2007,2,010500,0105002
107,"Escalator entrance from 1 St SE, between C St SE and D St SE.",129,38.885665,-77.00605999999999,MAIN ENTRANCE (1ST ST SE & C ST SE),D05,,1143,1,006202,0062021
108,Entrance elevator located just east of D St SE/7th St SE intersection and adjacent to canopied entrance.,130,38.884246000000005,-76.996024,ELEVATOR ENTRANCE (D & 7th STs),D06,,2003,2,007000,0070002
109,Station entrance is located north of bus bay and northeast corner of 14th St SE and Potomac Ave SE.,133,38.880767999999996,-76.985199,MAIN ENTRANCE (NE CORNER OF 14TH ST & PENNSYLVANIA AVE),D07,,2008,2,006900,0069002
110,Station entrance at the northeast corner of 19th St SE and Independence Ave SE.,135,38.888355,-76.977098,"NORTH ENTRANCE (STADIUM & ARMORY EXIT, EAST OF 19TH & A STs)",D08,,1024,1,006804,0068041
111,Station entrance located at the northeast corner of 19th St SE and C St SE.,136,38.885602,-76.977059,"SOUTH ENTRANCE (DC GENERAL EXIT, EAST SIDE OF 19TH ST BETWEEN C AND BURKE ST)",D08,,1011,1,006804,0068041
112,"Street level elevator located west of Minnesota Ave NE is accessible by the sidewalks from Minnesota Ave, bus bay and parking lot.",137,38.898807,-76.946692,SOUTH ELEVATOR ENTRANCE (West of Minnesota Ave NE),D09,,1004,1,007803,0078031
113,Station entrance is from the north end of the bus bay at Minnesota Ave. NE and Grant St. NE (Northwest side).,138,38.898607,-76.946922,SOUTH ENTRANCE (NW SIDE OF MINNESOTA AVE & GRANT ST),D09,,1004,1,007803,0078031
114,Pedestrian walkway from street level to station passageway is located at the east side of I-295 northbound  and is accessible by the pedestrian bridge originates at the west side of I-295(Kenilworth Ave NE) at Hayes St NE.,139,38.899569,-76.946823,NORTH TUNNEL ENTRANCE (ACCESS PEDESTRIAN BRIDGE FROM HAYES ST & I295),D09,,1020,1,009602,0096021
115,"Elevator from bus bay, kiss&ride area and parking lot located at the Minnesota Ave NE.",140,38.908190999999995,-76.934833,ELEVATOR ENTRANCE (ADJACENT TO MAIN ENTRANCE),D10,,2000,2,007806,0078062
116,"Station entrance is accessible from the bus bay, kiss&ride area and parking lot located at the Minnesota Ave NE.",141,38.908341,-76.934626,MAIN ENTRANCE (MINNESOTA AVE between NASH & 48th STs),D10,,2000,2,007806,0078062
117,"Walkway from the intersection of Polk St NE and Olive St NE, passageway goes under CSX rail tracks to the station.",142,38.908552,-76.935179,WEST WALKWAY ENTRANCE (POLK & OLIVER STs),D10,,1037,1,009601,0096011
118,"Escalator entrance from bus bay, parking lot, and walkway from Columbia Park Rd.",144,38.916255,-76.916519,"MAIN ENTRANCE (COLUMBIA PARK RD, FROM RT 50)",D11,,1005,1,803100,8031001
119,"Station entrance is accessible by the walkway from parking lot, bus bay and kiss&ride area located west of Pennsy Dr.",145,38.933429,-76.891189,"MAIN ENTRANCE (WEST PENNSY DR, NORTH OF LANDOVER RD)",D12,,1020,1,803509,8035091
120,"Canopied entrance  (towards passageway to station) from west side of the station is accessible from pedestrian bridge from IRS building, bus bay and parking lot located southeast corner of Ellis Rd and Harkins Rd.",147,38.948458,-76.872344,"NORTHWEST ENTRANCE (IRS EXIT, SE OF ELLIS RD & HARKINS RD)",D13,,1011,1,803612,8036121
121,East side station entrance is accessible from bus bay and parking lot located southwest corner of Garden City Dr and Corporate Dr.,148,38.947915,-76.871785,MAIN ENTRANCE (SW OF GARDEN CITY DR & CORPORATE DR),D13,,2003,2,803602,8036022
122,Station entrance from Convention Center building located at the southwest corner of M St NW and 7th St NW.,149,38.905522,-77.022349,"MAIN ELEVATOR ENTRANCE (CONVENTION CENTER, M & 7TH STs)",E01,,2009,2,004902,0049022
123,Station entrance from  Convention Center building located at the northwest corner of M St NW and 7th St NW.,150,38.905947,-77.02211,"NORTH ELEVATOR ENTRANCE (CONVENTION CENTER, M & 7TH STs)",E01,,2000,2,004902,0049022
124,Station entrance from  Convention Center building located at the southwest corner of M St NW and 7th St NW,151,38.905251,-77.02211700000001,"MAIN ENTRANCE (CONVENTION CENTER, M & 7TH STs)",E01,,2009,2,004902,0049022
125,Street level elevator from northeast corner of S St NW and 7th St NW.,152,38.914221999999995,-77.0216,NORTH ELEVATOR ENTRANCE (NORTHEAST CORNER OF 7TH & S STs),E02,,1004,1,004801,0048011
126,Canopied entrance from R St NW segment between 7th St NW and 8th St NW.,154,38.912779,-77.022723,SOUTH ENTRANCE (8TH & R STs),E02,,1000,1,004901,0049011
127,Station entrance from the south of 10th St and southwest corner of U St NW and Vermont Ave NW.,156,38.916714,-77.02597,EAST ENTRANCE (SOUTHWEST CORNER OF VERMONT AVE & U ST),E03,,2003,2,004400,0044002
128,Station entrance from southeast corner of 13th Ave NW and U St NW.,157,38.916823,-77.029193,WEST ENTRANCE (SOUTHEAST CORNER OF 13TH & U STs),E03,,2006,2,004400,0044002
129,Elevator entrance from southwest corner of 14th St NW and Irving St NW.,158,38.928557,-77.032802,WEST ELEVATOR ENTRANCE (SOUTHWEST OF 14TH ST NW & IRVING ST NW),E04,,1000,1,002802,0028021
130,Canopied escalator entrance from northeast corner of 14th St NW and Irving St NW.,159,38.928982,-77.03245,EAST ENTRANCE (NORTHEAST OF 14TH ST NW & IRVING ST NW),E04,,1005,1,003000,0030001
131,Canopied escalator and stairway entrance from southwest corner of 14th St NW and Irving St NW.,160,38.928607,-77.033139,WEST ENTRANCE (SOUTHWEST OF 14TH ST NW & IRVING ST NW),E04,,1000,1,002802,0028021
132,Elevator entrance from west side of Georgia Ave NW and New Hampshire Ave NW.,161,38.936809999999994,-77.024663,"WEST ELEVATOR ENTRANCE (BUILDING EXIT, WEST OF GEORGIA & NEW HAMPSHIRE AVEs)",E05,,2006,2,002502,0025022
133,Canopied entrance from the west of New Hampshire Ave NW.,162,38.93698,-77.02412700000001,MAIN ENTRANCE (NORTHEAST OF GEORGIA & NEW HAMPSHIRE AVEs),E05,,1005,1,002400,0024001
134,"Station entrance located west of Ager Rd is accessible by the sidewalks from bus bay, kiss&ride and parking lot and by the walkway from Lancer Dr located west of the station.",164,38.955717,-76.9689,MAIN ENTRANCE (NORTHWEST OF HAMILTON ST & AGER RD),E07,,2000,2,805101,8051012
135,Station entrance from  north side parking garage (bus bay E-H)  located south of East-West Hwy and west of Belcrest Rd.,165,38.965384,-76.955585,NORTH ENTRANCE (NORTH BUS BAY),E08,,1007,1,806000,8060001
136,"Elevator entrance by the walkway from parking lot, bus bay, and kiss&ride off of River Rd, located on east side of station.",167,38.978133,-76.928016,EAST ELEVATOR ENTRANCE (RIVER RD & PAINT BRANCH PKWY),E09,,2020,2,807102,8071022
137,"Elevator entrance from bus bay and kiss&ride off Calvert Rd, located on west side of station.",168,38.978357,-76.92874,WEST ELEVATOR ENTRANCE (CALVERT RD TUNNEL),E09,,1020,1,807200,8072001
138,"Canopied escalator and stairway entrance from bus bay and kiss&ride off Calvert Rd, located on west side of station.",170,38.97835,-76.928939,WEST ENTRANCE (CALVERT RD TUNNEL),E09,,1000,1,807102,8071021
139,Passageway from the intersection of Lackawanna St and 53rd Ave towards the station (tunnel goes under MARC train tracks).,171,39.010818,-76.91194200000001,"WEST ENTRANCE (TUNNEL EXIT, LACKAWANNA ST & 53RD AVE)",E10,,3003,3,806900,8069003
140,"Station entrance is accessible  by the walkway from bus bay, Kiss&Ride, and parking lot located on the east side of the station.",172,39.010833,-76.911018,"EAST ENTRANCE (PARKING EXIT, GREENBELT METRO DR & CHERRYWOOD LN)",E10,,2000,2,806714,8067142
141,Station entrance from the southeast corner of 7th St NW and H St NW.,174,38.89963,-77.02156,NORTH ENTRANCE (SOUTHEAST OF 7TH & H STs) TO GREEN/YELLOW LINES,F01,B01,2005,2,005800,0058002
142,Elevator entrance from 7th St and Indiana Ave NW.,175,38.893879,-77.02207299999999,ELEVATOR ENTRANCE (7TH ST NW & PENNSYLVANIA AVE NW),F02,,1040,1,005800,0058001
143,Street level elevator located at the northeast corner of M St SW and 4th St SW.,179,38.876638,-77.017329,ELEVATOR ENTRANCE (NEXT TO MAIN ENTRANCE),F04,,2043,2,010200,0102002
144,Station entrance located just north of M St SW and 4th St SW ( near Safeway).,180,38.876982,-77.017533,MAIN ENTRANCE (NORTHEAST OF M & 4TH STs),F04,,2043,2,010200,0102002
145,Street level elevator to station is located at M St SE segment between 1st St SE and New Jersey Ave SE.,181,38.876616999999996,-77.00470200000001,EAST ELEVATOR ENTRANCE (WEST OF M ST & NEW JERSEY AVE),F05,,2026,2,007200,0072002
146,Building entrance from the southeast corner Half St SE and M St SE to access station escalator.,183,38.876068,-77.007311,WEST ENTRANCE (SE OF M ST & HALF ST),F05,,2030,2,007200,0072002
147,Station entrance from west side of parking garage located at Howard St SE.,184,38.864603,-76.995959,NORTH ENTRANCE (HOWARD RD SE PARKING GARAGE),F06,,1015,1,007401,0074011
148,Station entrance from south side of Howard St SE and Shannon Pl SE.,185,38.862152,-76.995112,SOUTH ENTRANCE 1 (HOWARD RD SE & FIRTH STERING AVE SE),F06,,1034,1,007401,0074011
149,Station entrance from north of bus bay.,186,38.862115,-76.995316,SOUTH ENTRANCE 2 (HOWARD RD SE & FIRTH STERING AVE SE),F06,,1034,1,007401,0074011
150,"Elevator entrance from bus bay, located northeast of 13th St SE and Alabama Ave SE.",187,38.845117,-76.98781,ELEVATOR ENTRANCE (NORTHEAST OF ALABAMA AVE SE & 13TH ST SE),F07,,2006,2,007404,0074042
151,"Canopied escalator and stairway entrance from bus bay, kiss&ride and parking lot areas.",189,38.845446,-76.98781600000001,NORTH ENTRANCE (NORTHEAST OF ALABAMA AVE SE & 13TH ST SE),F07,,2006,2,007404,0074042
152,West side station entrance from bus bay located east of Southern Ave.,190,38.840592,-76.975797,NORTHWEST ENTRANCE (SOUTHERN AVE & VLLEY TERR),F08,,2002,2,801807,8018072
153,"Station entrance from bus bay, and pedestrian bridge connecting parking garage and station is accessible from Southern Ave and Oxon Run Dr.",191,38.840472999999996,-76.97575,SOUTHEAST ENTRANCE (EAST SIDE OF SOUTHERN AVE ACCESS FROM OXON RUN DR),F08,,2002,2,801807,8018072
154,"Station entrance located south of the station between bus bay,kiss&ride and parking lot area.",192,38.850953000000004,-76.956822,"MAIN ENTRANCE (ACCESS FROM BRANCH AVE, AND WEST OF NAYLOR RD & GOOD HOPE AVE)",F09,,1002,1,801805,8018051
155,"Mezzanine entrance from bus bays, kiss&ride, and Old Soper Rd.",194,38.827079,-76.91255699999999,"MAIN ENTRANCE (SOUTH , AUTH WAY & OLD SOPER RD)",F11,,2029,2,801905,8019052
156,Mezzanine entrance from the parking lot between north end of Auth Way and Capital Gateway Dr.,195,38.827195,-76.912441,NORTH ENTRANCE (AUTH WAY & CAPITAL GATEWAY DR),F11,,2029,2,801905,8019052
157,Elevator from northeast corner of Central Ave and Benning Road NE.,196,38.890546,-76.937531,ELEVATOR ENTRANCE (CENTRAL AVE NE & BENNING RD NE),G01,,3007,3,007803,0078033
158,Canopied escalator entrance at northeast corner of Central Ave and Benning Road NE.,197,38.890343,-76.937376,MAIN ENTRANCE (CENTRAL AVE NE & BENNING RD NE),G01,,3007,3,007803,0078033
159,"Elevator entrance from parking lot, bus bay, and the sidewalks from E Capital St.",198,38.88924,-76.912991,ELEVATOR ENTRANCE (E CAPITOL ST & SOUTHERN AVE),G02,,1006,1,802700,8027001
160,"Canopied escalator entrance from bus bay, located at southeast corner of Southern Ave and E Capital St NE.",199,38.889225,-76.913268,MAIN ENTRANCE (E CAPITOL ST & SOUTHERN AVE),G02,,1006,1,802700,8027001
161,Station entrance is accessible from walkway at Garret A Morgan Blvd and SGT Hartman Ln.,201,38.893764000000004,-76.868543,NORTH ENTRANCE (WALKWAY FROM GARRET A MORGAN BLVD & SGT HARTMAN LN),G04,,1001,1,803519,8035191
162,Station entrance from bus bay and parking located west side of Garret A Morgan Blvd.,202,38.893551,-76.868402,SOUTH ENTRANCE (GARRET A MORGAN BLVD & FIELDSTONE WAY),G04,,1001,1,803519,8035191
163,Facility entrance from west side of the station is accessible from bus bay and north side parking garage.,204,38.900147,-76.84525699999999,NORTH ENTRANCE (ACCESS FROM NORTH PARKING GARAGE AND BUSBAY),G05,,1009,1,803514,8035141
164,Passageway to station from parking lot and kiss&ride located northwest corner of Eisenhower Ave.,205,38.799708,-77.12968199999999,"WEST ENTRANCE (KISS & RIDE, NORTHEAST CORNER OF EISENHOWER AVE & METRO RD)",J02,,1003,1,200403,2004031
165,Facility entrance from bus bay located southeast corner of Eisenhower Ave.,206,38.799535,-77.129222,EAST ENTRANCE (EAST SIDE OF EISENHOWER AVE BUS BAY),J02,,1005,1,200403,2004031
166,Facility entrance by pedestrian bridge connecting WMATA station and VRE station located on the south side.,207,38.766078,-77.16869200000001,MAIN ENTRANCE (FRANCONIA SPRINGFIELD PKWY AT FRONTIER DR),J03,,3000,3,421002,4210023
167,"Pedestrian bridge to station is accessible from the bus bay, kiss&ride, parking garage.",208,38.766676000000004,-77.169126,PEDESTRIAN BRIDGE ENTRANCE (PEDESTRIAN BRIDGE FROM PARKING GARAGE),J03,,3000,3,421002,4210023
168,Street level elevator located at the northwest corner of Wilson Blvd and N.Uhle St(Colonial Village Building).,210,38.891731,-77.085063,"NORTH ELEVATOR ENTRANCE (NW OF CLARENDON BLVD & N UHLE ST, COLONIAL VILLAGE EXIT)",K01,,2001,2,101602,1016022
169,Elevator to tunnel located next to parking space located on 15th St N.,211,38.890603000000006,-77.084938,SOUTH ELEVATOR ENTRANCE (SW OF 15TH ST N & N UHLE ST),K01,,1008,1,101802,1018021
170,Elevator entrance at Clarendon Blvd and 15th St N.,212,38.890462,-77.08607099999999,WEST ELEVATOR ENTRANCE (CLARENDON BLVD & 15TH ST N),K01,,1008,1,101802,1018021
171,Escalator entrance at Strayer University building entrance at Clarendon Blvd and  N Uhie St intersection.,213,38.891183000000005,-77.085011,"NORTH ENTRANCE (SW OF CLARENDON BLVD & N UHLE ST, STRYER UNIVERSITY EXIT)",K01,,1002,1,101802,1018021
172,"Elevator entrance from Clarendon Central Park, between Wilson Blvd and Clarendon Blvd.",214,38.886756,-77.09567,"ELEVATOR ENTRANCE (CLARENDON CENTRAL PARK, BETWEEN WILSON BLVD & CLARENDON BLVD)",K02,,1000,1,101900,1019001
173,Government building entrance to intermediate passageway (only open during building hours).,216,38.887002,-77.095287,BUILDING ENTRANCE (GOVERNMENT BUILDING),K02,,1000,1,101900,1019001
174,Street level elevator just north of escalator located west of North Monroe St.,217,38.883016999999995,-77.10329499999999,ELEVATOR ENTRANCE (NORTH OF THE MAIN ENTRANCE ON N MONROE ST),K03,,1004,1,101404,1014041
175,Station entrance from the southwest corner of  North Monroe St and  N.Fairfax Dr.,218,38.88283,-77.103278,MAIN ENTRANCE (NORTHEWEST CORNER OF N MONROE ST AND N FAIRFAX DR),K03,,1004,1,101404,1014041
176,Entrance elevators located at the northwest corner of N Fairfax Dr and N Stuart St.,219,38.882368,-77.112131,NORTH ELEVATOR ENTRANCE  (NORTH OF N FAIRFAX DR & N STUARD ST),K04,,3003,3,101402,1014023
177,Entrance elevators located at the southwest corner of N Fairfax Dr and N Stuart St.,220,38.882054,-77.11209699999999,SOUTH ELEVATOR ENTRANCE  (SOUTH OF N FAIRFAX DR & N STUARD ST),K04,,1000,1,101403,1014031
178,Canopied escalator entrance at southeast corner of N Fairfax Dr and N Stuart St.,221,38.881868,-77.111358,MAIN ENTRANCE (N FAIRFAX DR & N STUARD ST),K04,,2000,2,101403,1014032
179,Street level station entrance located under I-66 is accessible by the walkway from bus bay and parking lot located at the north side and from kiss&ride area located at the south of the side station.,222,38.885892999999996,-77.156571,MAIN ENTRANCE (N SYCAMORE ST & I66),K05,,5016,5,101100,1011005
180,Station entrance from north side is accessible from bus bay located off Rt.267.,223,38.9011,-77.188973,"NORTH ENTRANCE (NORTH BUS BAY, NORTH SIDE OF I66 ACCESS FROM WEST FALLS CHURCH METRO DRIVEWAY)",K06,,1022,1,471000,4710001
181,"Pedestrian bridge to station from south side is accessible from bus bay, kiss&ride, parking garage located north of Haycock Rd.",224,38.900319,-77.188878,"SOUTH ENTRANCE (MAIN EXIT, NORTH SIDE OF HAYCOCK RD)",K06,,1026,1,471000,4710001
182,"Station entrance is accessible from bus bay, kiss&ride area and parking lot located at the northwest corner of Bellforest Dr and Gallows Rd.",225,38.882816999999996,-77.228436,MAIN ENTRANCE (GALLOWS RD & I66),K07,,1001,1,461602,4616021
183,"Pedestrian bridge to station from north side accessible by the sidewalks from north side parking lot, parking garage, bus bay and kiss&ride located off Virginia Center Blvd.",226,38.878301,-77.271539,NORTH ENTRANCE (SOUTH SIDE OF VIRGINIA CENTER BLVD),K08,,1011,1,461500,4615001
184,"Pedestrian bridge to station from south side accessible by the sidewalks from south side parking lot, parking garage, bus bay and kiss&ride located on Saintsbury Dr.",227,38.877378,-77.271284,SOUTH ENTRANCE (NORTH SIDE OF SAINTSBURY DR),K08,,3006,3,461601,4616013
185,"Elevator inside the station is accessible from Dolley Madison, Capital One Dr. sidewalk, and Fairfax Connector bus bay.",228,38.924802,-77.209491,EAST ELEVATOR ENTRANCE,N01,,1023,1,471202,4712021
186,"South pavilion elevator is accessible from south bus bay, south kiss & ride, and the sidewalk along the south west corner of Dolley Madison Blvd and Colshire Dr.",229,38.924427,-77.208588,SOUTH PAVILION ELEVATOR ENTRANCE,N01,,2022,2,471202,4712022
187,"South pavilion entrance accessible from south bus bay, south kiss & ride, and the sidewalk along the south west corner of Dolley Madison Blvd and Colshire Dr.",231,38.924559,-77.208332,SOUTH PAVILION ENTRANCE,N01,,2022,2,471202,4712022
188,South pavilion elevator entrance from Fairfax Connector bus bay.,232,38.919778,-77.222032,SOUTH PAVILION ELEVATOR ENTRANCE,N02,,2020,2,480202,4802022
189,Elevator to the station accessible from the bus bay and sidewalk located at the northwest corner of  Tysons Blvd and Chain Bridge Rd intersection.,233,38.920654,-77.222564,WEST ELEVATOR ENTRANCE,N02,,2006,2,480202,4802022
190,Station entrance from the bus bay and sidewalk located at the northwest corner of  Tysons Blvd and Chain Bridge Rd intersection.,234,38.920576000000004,-77.222566,WEST ENTRANCE,N02,,2006,2,480202,4802022
191,South pavilion entrance from  station sideswalk and Fairfax Connector bus bay.,235,38.919758,-77.222388,SOUTH PAVILION ENTRANCE,N02,,2023,2,480202,4802022
192,North pavilion elevator entrance from Pinnacle Dr and SAIC Dr sidewalk.,236,38.920951,-77.233127,NORTH PAVILION ELEVATOR ENTRANCE,N03,,2032,2,480202,4802022
193,South pavilion elevator entrance is accessible from pavilion sidewalk along Leesburg Pike west bound.,237,38.92047,-77.233959,SOUTH PAVILION ELEVATOR ENTRANCE,N03,,3014,3,460400,4604003
194,North pavilion entrance from Pinnacle Dr and SAIC Dr sidewalk.,238,38.921107,-77.233001,NORTH PAVILION ENTRANCE,N03,,2032,2,480202,4802022
195,South pavilion elevator is accessible from the pavilion sidewalk along Leesburg Pike westbound.,241,38.928566,-77.24184100000001,SOUTH PAVILION ELEVATOR ENTRANCE,N04,,3013,3,460400,4604003
196,"North pavilion entrance is accessible from north bus bay,  north kiss & ride, and the short term parking lot located at the north east corner of Leesburg Pike and Spring Hill Rd.",242,38.929288,-77.240822,NORTH PAVILION ENTRANCE,N04,,3064,3,480300,4803003
197,South pavilion entrance from the west corner of Leesburg Pike and Spring Hill Road intersection.,243,38.928405,-77.241686,SOUTH PAVILION ENTRANCE,N04,,3013,3,460400,4604003
198,South pavilion elevator entrance from station south bus bay.,244,38.946993,-77.34015600000001,SOUTH PAVILION ELEVATOR ENTRANCE,N06,,1005,1,482301,4823011
199,South pavilion entrance from station south bus bay.,245,38.946881,-77.339912,SOUTH PAVILION ENTRANCE,N06,,1005,1,482301,4823011
200,Building entrance from west mezzanine to Macy's entrance.,3,38.898433000000004,-77.029402,WEST BUILDING ENTRANCE (MACY'S) TO RED LINES,A01,C01,1010,1,005800,0058001
201,"Canopied escalator and stairway entrance on west side of Connecticut Ave NW, between Ordway St NW and Porter St NW.",16,38.936203000000006,-77.05904100000001,"WEST ENTRANCE (WEST SIDE CONNECTICUT AVE NW, NORTH OF ORDWAY ST NW)",A05,,2000,2,000600,0006002
202,Station entrance from the northwest corner of Connecticut Ave NW and Veazey Terrace NW.,19,38.944532,-77.064027,"WEST ENTRANCE (UDC EXIT, NORTHWEST CORNER OF CONNECTICUT AVE & VEAZEY TERR)",A06,,4000,4,001200,0012004
203,"Facility entrance by the walkway from bus bay, parking lot and kiss&ride area located at the northwest corner of Strathmore Park Ct and Tuckerman Ln.",37,39.028917,-77.103615,"EAST ENTRANCE (PARKING EXIT, STRATHMORE PARK CT & TUCKERMAN LN)",A11,,1004,1,701214,7012141
204,"Station entrance is accessible from bus bay,parking lot and kiss&ride area located south of Rhode Island Ave NE and Reed St NE.",56,38.920505,-76.996104,"MAIN ENTRANCE (SOUTHWEST OF RHODE ISLAND AVE & 8TH PL, WEST OF WASHINGTON PL)",B04,,2022,2,009102,0091022
205,"South side station entrance located east of Cedar St NW and Eastern Ave NW, accessible from bus bay and the sidewalks from Cedar St NW.",62,38.975102,-77.017425,SOUTH ENTRANCE (NORTH OF THE MAIN ENTRANCE),B07,,2000,2,001702,0017022
206,"Entrance by ramp from southeast corner of bus bay, kiss&ride area, and parking lot located at  Kimball Pl/Forest Glen Rd(passageway goes under Forest Glen Rd to the station).",68,39.01582,-77.044327,"BUSBAY TUNNEL ENTRANCE (BUS BAY & KISS & RIDE AREA, KIMBALL PL & FOREST GLEN RD)",B09,,3019,3,704000,7040003
207,Station entrance is located east of N St NE and 2nd St NE intersection ( Florida Ave exit ).,75,38.907336,-77.003302,"NORTH ENTRANCE (FLORIDA AVE EXIT, EAST OF FLORIDA AVE & 2ND ST)",B35,,2004,2,010600,0106002
208,Street level elevator at 12th St NW segment between G St NW and H St NW.,77,38.898920000000004,-77.027914,NORTH ELEVATOR ENTRANCE (NORTH OF 12TH & G STs) TO ORANGE/BLUE LINES,C01,A01,1011,1,005800,0058001
209,"Building entrance from the southwest corner of I St NW,15th St NW and Vermont Ave NW.",84,38.90113,-77.034947,WEST ENTRANCE (VERMONT & I STs),C02,,2007,2,010100,0101002
210,"Station entrance form street level elevator facing I St NW, adjacent to station escalator  (south end of George Washington University Hospital building).",89,38.900824,-77.05085600000001,ELEVATOR ENTRANCE (23RD & I STs),C04,,4006,4,005600,0056004
211,Station main entrance is accessible from bus bay area located on N.Moore St segment between 19th St.N and Wilson Blvd.,92,38.895949,-77.07170699999999,"EAST ENTRANCE (N MOORE ST EXIT, WEST N MOORE ST, BETWEEN 19TH ST & WILSON BLVD)",C05,,3006,3,101603,1016033
212,Elevator entrance from Memorial Dr (between rail tracks and GW Pkwy).,94,38.884817,-77.063075,EAST ELEVATOR ENTRANCE (MEMORIAL DR & GW PKWY),C06,,1015,1,980100,9801001
213,Entrance from south side intermediate passageway to mezzanine,107,38.857982,-77.051164,CRYSTAL CITY SHOP ENTRANCE (SOUTH),C09,,1008,1,103402,1034021
214,Pedestrian bridge to station north entrance is accessible from parking garage - C and airport terminal -C,109,38.85463,-77.044507,"NORTH ENTRANCE (NORTH EXIT, TO PARKING GARAGE C AND TERMINAL C)",C10,,1013,1,980200,9802001
215,"Station main entrance by the walkway from bus bay and kiss&ride area located west of Diagonal Rd and from the sidewalks from Rt.7,( King Street).",112,38.806290000000004,-77.061299,MAIN ENTRANCE (WEST OF DIAGONAL RD),C13,,2008,2,201900,2019002
216,"Station entrance is accessible by the walkway from kiss&ride, bus bay and parking garage located north end of station near Huntington Ave.",118,38.794613,-77.075168,NORTH ENTRANCE (HUNTINGTON AVE EXIT),C15,,1001,1,420503,4205031
217,Station entrance from National Mall area at Jefferson Dr SW between 12th St NW and 13th St NW.,122,38.889086,-77.02837099999999,"NORTH ENTRANCE (MALL EXIT, NORTHEAST OF 12TH ST & JEFERSON DR)",D02,,1150,1,006202,0062021
218,"Canopied entrance located at the southeast corner of Pennsylvania Ave SE and 7th St SE, and it also accessible from 8th St SE and D St SE.",131,38.884213,-76.995736,MAIN ENTRANCE (PENNSYLVANIA AVE & 7th ST),D06,,2003,2,007000,0070002
219,"Street level elevator is accessible by the sidewalks from G St SE, 14th St SE and from bus bay.",132,38.881049,-76.985113,NORTH ELEVATOR ENTRANCE (NORTH OF THE MAIN ENTRANCE),D07,,2008,2,006900,0069002
220,Street level elevator from 19th St SE segment between Burke St SE and C St SE.,134,38.885918,-76.977158,SOUTH ELEVATOR ENTRANCE (EAST SIDE OF 19TH ST BETWEEN C AND BURKE ST),D08,,1011,1,006804,0068041
221,"Elevator entrance from northeast corner of parking lot, next to bus bay and kiss&ride.",143,38.916174,-76.91676600000001,"ELEVATOR ENTRANCE (COLUMBIA PARK RD, FROM RT 50)",D11,,1005,1,803100,8031001
222,"Entrance elevator( towards passageway to station) is adjacent to west side escalator and is accessible from IRS pedestrian bridge, parking lot and bus bay located southeast corner of Ellin Rd and Harkins Rd.",146,38.948423,-76.872176,NORTHWEST ELEVATOR ENTRANCE (ADJACENT TO NORTHWEST ENTRANCE),D13,,1011,1,803612,8036121
223,Canopied Entrance from 7th St NW segment between S St NW and T St NW.,153,38.914572,-77.021672,NORTH ENTRANCE (7TH & S STs),E02,,1004,1,004801,0048011
224,Street level elevator from the building located at U St NW segment between 12th St NW and 13th St NW.,155,38.916778,-77.028917,WEST ELEVATOR ENTRANCE (SOUTH SIDE OF U ST BETWEEN 12TH AND 13TH STs),E03,,2006,2,004400,0044002
225,Building entrance located at the west side of Georgia Ave NW and New Hampshire Ave NW.,163,38.937191999999996,-77.024721,"WEST ENTRANCE (BUILDING EXIT, WEST OF GEORGIA & NEW HAMPSHIRE AVEs)",E05,,2006,2,002502,0025022
226,Station entrance from  south side parking garage (bus bay A-D)  located south of East-West Hwy and west of Belcrest Rd.,166,38.965174,-76.955588,SOUTH ENTRANCE (SOUTH BUS BAY),E08,,1007,1,806000,8060001
227,"Elevator from Verizon Center, located at east of 7th St NW.",173,38.897926,-77.02172900000001,"ELEVATOR ENTRANCE (VERISON CENTER, EAST OF 7TH & F STs) TO GREEN/YELLOW LINES",F01,B01,2006,2,005800,0058002
228,Escalator entrance adjacent to Navy Memorial/west side of 7th and Indiana Ave NW.,176,38.893939,-77.02252800000001,MAIN ENTRANCE (7TH ST NW & PENNSYLVANIA AVE NW),F02,,1040,1,005800,0058001
229,Street level elevator located on 7th St SW segment between VRE tracks and C St SW/Maryland Ave SW intersection.,177,38.885982,-77.02211700000001,NORTHWEST ELEVATOR ENTRANCE (SW CORNER OF 7TH ST & C ST & MARYLAND AVE) TO GREEN/YELLOW LINES,F03,D03,2010,2,010200,0102002
230,Canopied entrance from the northwest corner of New Jersey Ave SE and M St SE.,182,38.876667,-77.004456,EAST ENTRANCE (NW OF M ST & NEW JERSEY AVE),F05,,2026,2,007200,0072002
231,Canopied escalator entrance at southeast corner of Alabama Ave SE and 13th St SE.,188,38.844606,-76.98759100000001,SOUTH ENTRANCE (SOUTHEAST OF ALABAMA AVE SE & 13TH ST SE),F07,,1005,1,007304,0073041
232,"Station entrance is accessible by bus bay, pedestrian bridge from parking garage and the sidewalks from Silver Hill Road.",193,38.844258,-76.932298,MAIN ENTRANCE (WEST OF SILVER HILL RD & NAVY DAY DR),F10,,1087,1,802405,8024051
233,Station entrance is reachable by the walkway from parking garage and the sidewalks from Central Ave.,200,38.886716,-76.895749,"MAIN ENTRANCE (ADDISON RD, SOUTH OF CENTRAL AVE)",G03,,1003,1,802804,8028041
234,Canopied entrance located east side of the station and is reachable by the walkway from parking lot and south parking garage.,203,38.899865999999996,-76.84491700000001,MAIN ENTRANCE (N HARRY S TRUMAN DR & LARGO DR),G05,,1009,1,803514,8035141
235,Canopied entrance next to AMC Theaters.,209,38.890315,-77.085112,"SOUTH ENTRANCE (PLAZA EXIT, AMC COURTHOUSE PLAZA, 15TH ST N)",K01,,1008,1,101802,1018021
236,South pavilion entrance from the west corner of Leesburg Pike and Marshalls Dr.,239,38.920658,-77.234138,SOUTH PAVILION ENTRANCE,N03,,3014,3,460400,4604003
237,"North pavilion elevator is accessible from north bus bay, north kiss & ride, and the short term parking lot located at the north east corner of Leesburg Pike and Spring Hill Rd.",240,38.92915,-77.24100200000001,NORTH PAVILION ELEVATOR ENTRANCE,N04,,3064,3,480300,4803003
238,Walkway to station pedestrian bridge is accessible from parking garage and kiss & ride located at the north side of the station.,246,38.948291,-77.33891899999999,NORTH PEDESTRIAN BRIDGE ENTRANCE,N06,,2020,2,482202,4822022
239,Building entrance from the northeast corner of Connecticut Ave NW and K St NW.,7,38.902767,-77.039121,SOUTH ENTRANCE (CONNECTICUT & K ST),A02,,1020,1,010700,0107001
240,"Station entrance from east side of Georgia Ave, and is accessible from parking garage and bus bay area.",73,39.062312,-77.053179,EAST ENTRANCE (EAST SIDE OF GEORGIA AVE FROM LAYHILL RD),B11,,1009,1,703206,7032061
241,Elevator entrance from the northwest corner of D St SE and 1 St SE.,128,38.885182,-77.006151,ELEVATOR ENTRANCE (1ST ST SE & D ST SE),D05,,1143,1,006202,0062021
242,"Escalator and stairway entrance by the walkway from parking lot, bus bay, and kiss&ride off of River Rd, located on east side of station.",169,38.978183,-76.927953,EAST ENTRANCE (RIVER RD & PAINT BRANCH PKWY),E09,,2020,2,807102,8071022
243,Canopied entrance located at Maryland Ave SW and the east of 7th St SW.,178,38.886227000000005,-77.02159300000001,NORTH ENTRANCE (7TH ST & MARYLAND AVE) TO GREEN/YELLOW LINES,F03,D03,1003,1,010200,0102001
244,"Station entrance from Dolley Madison, Capital One Dr sidewalk, and Fairfax Connector bus bay.",230,38.924751,-77.209603,EAST ENTRANCE,N01,,1023,1,471202,4712021
245,Canopied escalator and stairway entrance at southwest corner of Wilson Blvd and Highland St.,215,38.88718,-77.0951,MAIN ENTRANCE (WILSON BLVD & N HIGHLAND ST),K02,,1000,1,101900,1019001
